{"cameraMode":{"drawMode":0,"name":"Shaded","section":"Shading Mode"},"sceneLighting":true,"audioPlay":false,"sceneViewState":{"m_AlwaysRefresh":false,"showFog":true,"showSkybox":true,"showFlares":true,"showImageEffects":true,"showParticleSystems":true,"showVisualEffectGraphs":true,"m_FxEnabled":true},"in2DMode":false,"pivot":{"x":545.9505004882813,"y":906.8342895507813,"z":0.5158869028091431},"rotation":{"x":-0.09616980701684952,"y":0.004735179711133242,"z":-0.0003491562092676759,"w":-0.9954532384872437},"size":212.20111083984376,"orthographic":false}