{"cameraMode":{"drawMode":0,"name":"Shaded","section":"Shading Mode"},"sceneLighting":true,"audioPlay":false,"sceneViewState":{"m_AlwaysRefresh":false,"showFog":true,"showSkybox":true,"showFlares":true,"showImageEffects":true,"showParticleSystems":true,"showVisualEffectGraphs":true,"m_FxEnabled":true},"in2DMode":false,"pivot":{"x":-29.46875762939453,"y":-3.426090717315674,"z":47.70281982421875},"rotation":{"x":-0.016803590580821039,"y":0.9702800512313843,"z":-0.07027162611484528,"w":-0.23130355775356294},"size":16.440093994140626,"orthographic":false}