{"cameraMode":{"drawMode":0,"name":"Shaded","section":"Shading Mode"},"sceneLighting":false,"audioPlay":false,"sceneViewState":{"m_AlwaysRefresh":false,"showFog":true,"showSkybox":false,"showFlares":true,"showImageEffects":true,"showParticleSystems":true,"showVisualEffectGraphs":true,"m_FxEnabled":true},"in2DMode":false,"pivot":{"x":-0.013611849397420884,"y":0.04036172479391098,"z":0.16032272577285767},"rotation":{"x":-0.08001258969306946,"y":-0.78801429271698,"z":0.10489646345376969,"w":-0.6014114618301392},"size":0.4759643077850342,"orthographic":false}