{"cameraMode":{"drawMode":0,"name":"Shaded","section":"Shading Mode"},"sceneLighting":false,"audioPlay":false,"sceneViewState":{"m_AlwaysRefresh":false,"showFog":false,"showSkybox":false,"showFlares":false,"showImageEffects":false,"showParticleSystems":false,"showVisualEffectGraphs":true,"m_FxEnabled":true},"in2DMode":false,"pivot":{"x":0.3664363920688629,"y":0.4156152904033661,"z":0.5215921998023987},"rotation":{"x":-0.000990000320598483,"y":0.9990187287330627,"z":0.02816889062523842,"w":0.03446493297815323},"size":0.9914090633392334,"orthographic":false}